Date,Heure de début,Heure de fin,Terrain (alias),Terrain,Lieu,Type d'événement,Identifiant,Organisation,Organisation secondaire,Horaire,Catégorie,Équipe locale,Équipe visiteuse,Équipes de pratique,Type de pratique,Type de plage horaire,Sous-type de plage horaire,Ligues partagées (plage horaire),Restrictions de catégorie (plage horaire),Commentaires,Notes
2025-05-31,18:15,20:15,,Cage frappeurs,Parc Aydelu,Plage horaire,,ASSOCIATION DE BASEBALL AMATEUR D'AYLMER,,,,,,,,Pratique,,,,,
2025-05-31,20:15,22:15,,Cage frappeurs,Parc Aydelu,Plage horaire,,ASSOCIATION DE BASEBALL AMATEUR D'AYLMER,,,,,,,,Pratique,,,,,
2025-06-01,18:15,20:15,,Cage frappeurs,Parc Aydelu,Plage horaire,,ASSOCIATION DE BASEBALL AMATEUR D'AYLMER,,,,,,,,Pratique,,,,,
2025-06-01,20:15,22:15,,Cage frappeurs,Parc Aydelu,Plage horaire,,ASSOCIATION DE BASEBALL AMATEUR D'AYLMER,,,,,,,,Pratique,,,,,
2025-06-02,18:15,20:15,,Cage frappeurs,Parc Aydelu,Plage horaire,,ASSOCIATION DE BASEBALL AMATEUR D'AYLMER,,,,,,,,Pratique,,,,,
2025-06-02,20:15,22:15,,Cage frappeurs,Parc Aydelu,Plage horaire,,ASSOCIATION DE BASEBALL AMATEUR D'AYLMER,,,,,,,,Pratique,,,,,
2025-06-03,18:15,20:15,,Cage frappeurs,Parc Aydelu,Plage horaire,,ASSOCIATION DE BASEBALL AMATEUR D'AYLMER,,,,,,,,Pratique,,,,,
2025-06-03,20:15,22:15,,Cage frappeurs,Parc Aydelu,Plage horaire,,ASSOCIATION DE BASEBALL AMATEUR D'AYLMER,,,,,,,,Pratique,,,,,
2025-06-05,18:15,20:15,,Cage frappeurs,Parc Aydelu,Plage horaire,,ASSOCIATION DE BASEBALL AMATEUR D'AYLMER,,,,,,,,Pratique,,,,,
2025-06-06,18:15,20:15,,Cage frappeurs,Parc Aydelu,Plage horaire,,ASSOCIATION DE BASEBALL AMATEUR D'AYLMER,,,,,,,,Pratique,,,,,
2025-06-06,20:15,22:15,,Cage frappeurs,Parc Aydelu,Plage horaire,,ASSOCIATION DE BASEBALL AMATEUR D'AYLMER,,,,,,,,Pratique,,,,,
2025-06-07,18:15,20:15,,Cage frappeurs,Parc Aydelu,Plage horaire,,ASSOCIATION DE BASEBALL AMATEUR D'AYLMER,,,,,,,,Pratique,,,,,
2025-06-07,20:15,22:15,,Cage frappeurs,Parc Aydelu,Plage horaire,,ASSOCIATION DE BASEBALL AMATEUR D'AYLMER,,,,,,,,Pratique,,,,,
2025-06-08,18:15,20:15,,Cage frappeurs,Parc Aydelu,Plage horaire,,ASSOCIATION DE BASEBALL AMATEUR D'AYLMER,,,,,,,,Pratique,,,,,
2025-06-08,20:15,22:15,,Cage frappeurs,Parc Aydelu,Plage horaire,,ASSOCIATION DE BASEBALL AMATEUR D'AYLMER,,,,,,,,Pratique,,,,,
2025-06-09,18:15,20:15,,Cage frappeurs,Parc Aydelu,Plage horaire,,ASSOCIATION DE BASEBALL AMATEUR D'AYLMER,,,,,,,,Pratique,,,,,
2025-06-09,20:15,22:15,,Cage frappeurs,Parc Aydelu,Plage horaire,,ASSOCIATION DE BASEBALL AMATEUR D'AYLMER,,,,,,,,Pratique,,,,,
2025-06-10,18:15,20:15,,Cage frappeurs,Parc Aydelu,Plage horaire,,ASSOCIATION DE BASEBALL AMATEUR D'AYLMER,,,,,,,,Pratique,,,,,
2025-06-10,20:15,22:15,,Cage frappeurs,Parc Aydelu,Plage horaire,,ASSOCIATION DE BASEBALL AMATEUR D'AYLMER,,,,,,,,Pratique,,,,,
2025-06-12,18:15,20:15,,Cage frappeurs,Parc Aydelu,Plage horaire,,ASSOCIATION DE BASEBALL AMATEUR D'AYLMER,,,,,,,,Pratique,,,,,
2025-06-13,18:15,20:15,,Cage frappeurs,Parc Aydelu,Plage horaire,,ASSOCIATION DE BASEBALL AMATEUR D'AYLMER,,,,,,,,Pratique,,,,,
2025-06-13,20:15,22:15,,Cage frappeurs,Parc Aydelu,Plage horaire,,ASSOCIATION DE BASEBALL AMATEUR D'AYLMER,,,,,,,,Pratique,,,,,
2025-06-14,18:15,20:15,,Cage frappeurs,Parc Aydelu,Plage horaire,,ASSOCIATION DE BASEBALL AMATEUR D'AYLMER,,,,,,,,Pratique,,,,,
2025-06-14,20:15,22:15,,Cage frappeurs,Parc Aydelu,Plage horaire,,ASSOCIATION DE BASEBALL AMATEUR D'AYLMER,,,,,,,,Pratique,,,,,
2025-06-15,12:00,14:00,,Cage frappeurs,Parc Aydelu,Plage horaire,,ASSOCIATION DE BASEBALL AMATEUR D'AYLMER,,,,,,,,,,,,,
2025-06-15,18:15,20:15,,Cage frappeurs,Parc Aydelu,Plage horaire,,ASSOCIATION DE BASEBALL AMATEUR D'AYLMER,,,,,,,,Pratique,,,,,
2025-06-15,20:15,22:15,,Cage frappeurs,Parc Aydelu,Plage horaire,,ASSOCIATION DE BASEBALL AMATEUR D'AYLMER,,,,,,,,Pratique,,,,,
2025-06-16,18:15,20:15,,Cage frappeurs,Parc Aydelu,Plage horaire,,ASSOCIATION DE BASEBALL AMATEUR D'AYLMER,,,,,,,,Pratique,,,,,
2025-06-16,20:15,22:15,,Cage frappeurs,Parc Aydelu,Plage horaire,,ASSOCIATION DE BASEBALL AMATEUR D'AYLMER,,,,,,,,Pratique,,,,,
2025-06-17,18:15,20:15,,Cage frappeurs,Parc Aydelu,Plage horaire,,ASSOCIATION DE BASEBALL AMATEUR D'AYLMER,,,,,,,,Pratique,,,,,
2025-06-17,20:15,22:15,,Cage frappeurs,Parc Aydelu,Plage horaire,,ASSOCIATION DE BASEBALL AMATEUR D'AYLMER,,,,,,,,Pratique,,,,,
2025-06-19,18:15,20:15,,Cage frappeurs,Parc Aydelu,Plage horaire,,ASSOCIATION DE BASEBALL AMATEUR D'AYLMER,,,,,,,,Pratique,,,,,
2025-06-20,18:15,20:15,,Cage frappeurs,Parc Aydelu,Plage horaire,,ASSOCIATION DE BASEBALL AMATEUR D'AYLMER,,,,,,,,Pratique,,,,,
2025-06-20,20:15,22:15,,Cage frappeurs,Parc Aydelu,Plage horaire,,ASSOCIATION DE BASEBALL AMATEUR D'AYLMER,,,,,,,,Pratique,,,,,
2025-06-21,18:15,20:15,,Cage frappeurs,Parc Aydelu,Plage horaire,,ASSOCIATION DE BASEBALL AMATEUR D'AYLMER,,,,,,,,Pratique,,,,,
2025-06-21,20:15,22:15,,Cage frappeurs,Parc Aydelu,Plage horaire,,ASSOCIATION DE BASEBALL AMATEUR D'AYLMER,,,,,,,,Pratique,,,,,
2025-06-22,10:00,12:00,,Cage frappeurs,Parc Aydelu,Plage horaire,,ASSOCIATION DE BASEBALL AMATEUR D'AYLMER,ASSOCIATION BASEBALL AMATEUR DE HULL,,,,,,,Pratique,,,,,
2025-06-22,18:15,20:15,,Cage frappeurs,Parc Aydelu,Plage horaire,,ASSOCIATION DE BASEBALL AMATEUR D'AYLMER,,,,,,,,Pratique,,,,,
2025-06-22,20:15,22:15,,Cage frappeurs,Parc Aydelu,Plage horaire,,ASSOCIATION DE BASEBALL AMATEUR D'AYLMER,,,,,,,,Pratique,,,,,
2025-06-23,18:15,20:15,,Cage frappeurs,Parc Aydelu,Plage horaire,,ASSOCIATION DE BASEBALL AMATEUR D'AYLMER,,,,,,,,Pratique,,,,,
2025-06-23,20:15,22:15,,Cage frappeurs,Parc Aydelu,Plage horaire,,ASSOCIATION DE BASEBALL AMATEUR D'AYLMER,,,,,,,,Pratique,,,,,
2025-06-24,18:15,20:15,,Cage frappeurs,Parc Aydelu,Plage horaire,,ASSOCIATION DE BASEBALL AMATEUR D'AYLMER,,,,,,,,Pratique,,,,,
2025-06-24,20:15,22:15,,Cage frappeurs,Parc Aydelu,Plage horaire,,ASSOCIATION DE BASEBALL AMATEUR D'AYLMER,,,,,,,,Pratique,,,,,
2025-06-30,18:15,20:15,,Cage frappeurs,Parc Aydelu,Plage horaire,,ASSOCIATION DE BASEBALL AMATEUR D'AYLMER,,,,,,,,Pratique,,,,,
2025-06-30,20:15,22:15,,Cage frappeurs,Parc Aydelu,Plage horaire,,ASSOCIATION DE BASEBALL AMATEUR D'AYLMER,,,,,,,,Pratique,,,,,
2025-07-01,18:15,20:15,,Cage frappeurs,Parc Aydelu,Plage horaire,,ASSOCIATION DE BASEBALL AMATEUR D'AYLMER,,,,,,,,,,,,,
2025-07-03,18:15,20:15,,Cage frappeurs,Parc Aydelu,Plage horaire,,ASSOCIATION DE BASEBALL AMATEUR D'AYLMER,,,,,,,,Pratique,,,,,
2025-07-04,18:15,20:15,,Cage frappeurs,Parc Aydelu,Plage horaire,,ASSOCIATION DE BASEBALL AMATEUR D'AYLMER,,,,,,,,Pratique,,,,,
2025-07-04,20:15,22:15,,Cage frappeurs,Parc Aydelu,Plage horaire,,ASSOCIATION DE BASEBALL AMATEUR D'AYLMER,,,,,,,,Pratique,,,,,
2025-07-06,08:00,10:00,,Cage frappeurs,Parc Aydelu,Plage horaire,,ASSOCIATION DE BASEBALL AMATEUR D'AYLMER,,,,,,,,Pratique,,,,,
2025-07-06,10:00,12:00,,Cage frappeurs,Parc Aydelu,Plage horaire,,ASSOCIATION DE BASEBALL AMATEUR D'AYLMER,,,,,,,,Pratique,,,,,
2025-07-06,12:00,14:00,,Cage frappeurs,Parc Aydelu,Plage horaire,,ASSOCIATION DE BASEBALL AMATEUR D'AYLMER,,,,,,,,Pratique,,,,,
2025-07-06,14:00,16:00,,Cage frappeurs,Parc Aydelu,Plage horaire,,ASSOCIATION DE BASEBALL AMATEUR D'AYLMER,,,,,,,,Pratique,,,,,
2025-07-06,16:00,18:00,,Cage frappeurs,Parc Aydelu,Plage horaire,,ASSOCIATION DE BASEBALL AMATEUR D'AYLMER,,,,,,,,Pratique,,,,,
2025-07-06,18:15,20:15,,Cage frappeurs,Parc Aydelu,Plage horaire,,ASSOCIATION DE BASEBALL AMATEUR D'AYLMER,,,,,,,,Pratique,,,,,
2025-07-06,20:15,22:15,,Cage frappeurs,Parc Aydelu,Plage horaire,,ASSOCIATION DE BASEBALL AMATEUR D'AYLMER,,,,,,,,Pratique,,,,,
2025-07-07,18:15,20:15,,Cage frappeurs,Parc Aydelu,Plage horaire,,ASSOCIATION DE BASEBALL AMATEUR D'AYLMER,,,,,,,,Pratique,,,,,
2025-07-07,20:15,22:15,,Cage frappeurs,Parc Aydelu,Plage horaire,,ASSOCIATION DE BASEBALL AMATEUR D'AYLMER,,,,,,,,Pratique,,,,,
2025-07-08,18:15,20:15,,Cage frappeurs,Parc Aydelu,Plage horaire,,ASSOCIATION DE BASEBALL AMATEUR D'AYLMER,,,,,,,,Pratique,,,,,
2025-07-10,18:15,20:15,,Cage frappeurs,Parc Aydelu,Plage horaire,,ASSOCIATION DE BASEBALL AMATEUR D'AYLMER,,,,,,,,Pratique,,,,,
2025-07-11,18:15,20:15,,Cage frappeurs,Parc Aydelu,Plage horaire,,ASSOCIATION DE BASEBALL AMATEUR D'AYLMER,,,,,,,,Pratique,,,,,
2025-07-11,20:15,22:15,,Cage frappeurs,Parc Aydelu,Plage horaire,,ASSOCIATION DE BASEBALL AMATEUR D'AYLMER,,,,,,,,Pratique,,,,,
2025-07-13,18:15,22:15,,Cage frappeurs,Parc Aydelu,Plage horaire,,ASSOCIATION DE BASEBALL AMATEUR D'AYLMER,,,,,,,,,,,,,
2025-07-14,18:15,20:15,,Cage frappeurs,Parc Aydelu,Plage horaire,,ASSOCIATION DE BASEBALL AMATEUR D'AYLMER,,,,,,,,Pratique,,,,,
2025-07-14,20:15,22:15,,Cage frappeurs,Parc Aydelu,Plage horaire,,ASSOCIATION DE BASEBALL AMATEUR D'AYLMER,,,,,,,,Pratique,,,,,
2025-07-15,18:15,20:15,,Cage frappeurs,Parc Aydelu,Plage horaire,,ASSOCIATION DE BASEBALL AMATEUR D'AYLMER,,,,,,,,Pratique,,,,,
2025-07-17,18:15,20:15,,Cage frappeurs,Parc Aydelu,Plage horaire,,ASSOCIATION DE BASEBALL AMATEUR D'AYLMER,,,,,,,,Pratique,,,,,
2025-07-18,18:15,20:15,,Cage frappeurs,Parc Aydelu,Plage horaire,,ASSOCIATION DE BASEBALL AMATEUR D'AYLMER,,,,,,,,Pratique,,,,,
2025-07-18,20:15,22:15,,Cage frappeurs,Parc Aydelu,Plage horaire,,ASSOCIATION DE BASEBALL AMATEUR D'AYLMER,,,,,,,,Pratique,,,,,
2025-07-20,08:00,10:00,,Cage frappeurs,Parc Aydelu,Plage horaire,,ASSOCIATION DE BASEBALL AMATEUR D'AYLMER,,,,,,,,Pratique,,,,,
2025-07-20,10:00,12:00,,Cage frappeurs,Parc Aydelu,Plage horaire,,ASSOCIATION DE BASEBALL AMATEUR D'AYLMER,,,,,,,,Pratique,,,,,
2025-07-20,12:00,14:00,,Cage frappeurs,Parc Aydelu,Plage horaire,,ASSOCIATION DE BASEBALL AMATEUR D'AYLMER,,,,,,,,Pratique,,,,,
2025-07-20,14:00,16:00,,Cage frappeurs,Parc Aydelu,Plage horaire,,ASSOCIATION DE BASEBALL AMATEUR D'AYLMER,,,,,,,,Pratique,,,,,
2025-07-20,16:00,18:00,,Cage frappeurs,Parc Aydelu,Plage horaire,,ASSOCIATION DE BASEBALL AMATEUR D'AYLMER,,,,,,,,Pratique,,,,,
2025-07-20,18:15,20:15,,Cage frappeurs,Parc Aydelu,Plage horaire,,ASSOCIATION DE BASEBALL AMATEUR D'AYLMER,,,,,,,,Pratique,,,,,
2025-07-20,20:15,22:15,,Cage frappeurs,Parc Aydelu,Plage horaire,,ASSOCIATION DE BASEBALL AMATEUR D'AYLMER,,,,,,,,Pratique,,,,,
2025-07-21,18:15,20:15,,Cage frappeurs,Parc Aydelu,Plage horaire,,ASSOCIATION DE BASEBALL AMATEUR D'AYLMER,,,,,,,,Pratique,,,,,
2025-07-21,20:15,22:15,,Cage frappeurs,Parc Aydelu,Plage horaire,,ASSOCIATION DE BASEBALL AMATEUR D'AYLMER,,,,,,,,Pratique,,,,,
2025-07-22,18:15,20:15,,Cage frappeurs,Parc Aydelu,Plage horaire,,ASSOCIATION DE BASEBALL AMATEUR D'AYLMER,,,,,,,,Pratique,,,,,
2025-07-24,18:15,20:15,,Cage frappeurs,Parc Aydelu,Plage horaire,,ASSOCIATION DE BASEBALL AMATEUR D'AYLMER,,,,,,,,Pratique,,,,,
2025-07-25,18:15,20:15,,Cage frappeurs,Parc Aydelu,Plage horaire,,ASSOCIATION DE BASEBALL AMATEUR D'AYLMER,,,,,,,,Pratique,,,,,
2025-07-25,20:15,22:15,,Cage frappeurs,Parc Aydelu,Plage horaire,,ASSOCIATION DE BASEBALL AMATEUR D'AYLMER,,,,,,,,Pratique,,,,,
2025-07-27,18:15,20:15,,Cage frappeurs,Parc Aydelu,Plage horaire,,ASSOCIATION DE BASEBALL AMATEUR D'AYLMER,,,,,,,,,,LIGUE DE BASEBALL DE L'OUTAOUAIS,,,
2025-07-27,20:15,22:15,,Cage frappeurs,Parc Aydelu,Plage horaire,,ASSOCIATION DE BASEBALL AMATEUR D'AYLMER,,,,,,,,,,LIGUE DE BASEBALL DE L'OUTAOUAIS,,,
2025-07-28,18:15,20:15,,Cage frappeurs,Parc Aydelu,Plage horaire,,ASSOCIATION DE BASEBALL AMATEUR D'AYLMER,,,,,,,,Pratique,,,,,
2025-07-28,20:15,22:15,,Cage frappeurs,Parc Aydelu,Plage horaire,,ASSOCIATION DE BASEBALL AMATEUR D'AYLMER,,,,,,,,Pratique,,,,,
2025-07-29,18:15,20:15,,Cage frappeurs,Parc Aydelu,Plage horaire,,ASSOCIATION DE BASEBALL AMATEUR D'AYLMER,,,,,,,,Pratique,,,,,
2025-07-31,18:15,20:15,,Cage frappeurs,Parc Aydelu,Plage horaire,,ASSOCIATION DE BASEBALL AMATEUR D'AYLMER,,,,,,,,Pratique,,,,,
2025-08-01,18:15,20:15,,Cage frappeurs,Parc Aydelu,Plage horaire,,ASSOCIATION DE BASEBALL AMATEUR D'AYLMER,,,,,,,,Pratique,,,,,
2025-08-01,20:15,22:15,,Cage frappeurs,Parc Aydelu,Plage horaire,,ASSOCIATION DE BASEBALL AMATEUR D'AYLMER,,,,,,,,Pratique,,,,,
2025-08-03,08:00,10:00,,Cage frappeurs,Parc Aydelu,Plage horaire,,ASSOCIATION DE BASEBALL AMATEUR D'AYLMER,,,,,,,,Pratique,,,,,
2025-08-03,10:00,12:00,,Cage frappeurs,Parc Aydelu,Plage horaire,,ASSOCIATION DE BASEBALL AMATEUR D'AYLMER,,,,,,,,Pratique,,,,,
2025-08-03,12:00,14:00,,Cage frappeurs,Parc Aydelu,Plage horaire,,ASSOCIATION DE BASEBALL AMATEUR D'AYLMER,,,,,,,,Pratique,,,,,
2025-08-03,14:00,16:00,,Cage frappeurs,Parc Aydelu,Plage horaire,,ASSOCIATION DE BASEBALL AMATEUR D'AYLMER,,,,,,,,Pratique,,,,,
2025-08-03,16:00,18:00,,Cage frappeurs,Parc Aydelu,Plage horaire,,ASSOCIATION DE BASEBALL AMATEUR D'AYLMER,,,,,,,,Pratique,,,,,
2025-08-03,18:15,20:15,,Cage frappeurs,Parc Aydelu,Plage horaire,,ASSOCIATION DE BASEBALL AMATEUR D'AYLMER,,,,,,,,Pratique,,,,,
2025-08-03,20:15,22:15,,Cage frappeurs,Parc Aydelu,Plage horaire,,ASSOCIATION DE BASEBALL AMATEUR D'AYLMER,,,,,,,,Pratique,,,,,
2025-08-04,18:15,20:15,,Cage frappeurs,Parc Aydelu,Plage horaire,,ASSOCIATION DE BASEBALL AMATEUR D'AYLMER,,,,,,,,Pratique,,,,,
2025-08-04,20:15,22:15,,Cage frappeurs,Parc Aydelu,Plage horaire,,ASSOCIATION DE BASEBALL AMATEUR D'AYLMER,,,,,,,,Pratique,,,,,
2025-08-05,18:15,20:15,,Cage frappeurs,Parc Aydelu,Plage horaire,,ASSOCIATION DE BASEBALL AMATEUR D'AYLMER,,,,,,,,Pratique,,,,,
2025-08-07,18:15,20:15,,Cage frappeurs,Parc Aydelu,Plage horaire,,ASSOCIATION DE BASEBALL AMATEUR D'AYLMER,,,,,,,,Pratique,,,,,
2025-08-08,18:15,20:15,,Cage frappeurs,Parc Aydelu,Plage horaire,,ASSOCIATION DE BASEBALL AMATEUR D'AYLMER,,,,,,,,Pratique,,,,,
2025-08-08,20:15,22:15,,Cage frappeurs,Parc Aydelu,Plage horaire,,ASSOCIATION DE BASEBALL AMATEUR D'AYLMER,,,,,,,,Pratique,,,,,
2025-08-10,08:00,10:00,,Cage frappeurs,Parc Aydelu,Plage horaire,,ASSOCIATION DE BASEBALL AMATEUR D'AYLMER,,,,,,,,Pratique,,,,,
2025-08-10,10:00,12:00,,Cage frappeurs,Parc Aydelu,Plage horaire,,ASSOCIATION DE BASEBALL AMATEUR D'AYLMER,,,,,,,,Pratique,,,,,
2025-08-10,12:00,14:00,,Cage frappeurs,Parc Aydelu,Plage horaire,,ASSOCIATION DE BASEBALL AMATEUR D'AYLMER,,,,,,,,Pratique,,,,,
2025-08-10,14:00,16:00,,Cage frappeurs,Parc Aydelu,Plage horaire,,ASSOCIATION DE BASEBALL AMATEUR D'AYLMER,,,,,,,,Pratique,,,,,
2025-08-10,16:00,18:00,,Cage frappeurs,Parc Aydelu,Plage horaire,,ASSOCIATION DE BASEBALL AMATEUR D'AYLMER,,,,,,,,Pratique,,,,,
2025-08-10,18:15,20:15,,Cage frappeurs,Parc Aydelu,Plage horaire,,ASSOCIATION DE BASEBALL AMATEUR D'AYLMER,,,,,,,,Pratique,,,,,
2025-08-10,20:15,22:15,,Cage frappeurs,Parc Aydelu,Plage horaire,,ASSOCIATION DE BASEBALL AMATEUR D'AYLMER,,,,,,,,Pratique,,,,,
2025-08-11,18:15,20:15,,Cage frappeurs,Parc Aydelu,Plage horaire,,ASSOCIATION DE BASEBALL AMATEUR D'AYLMER,,,,,,,,Pratique,,,,,
2025-08-11,20:15,22:15,,Cage frappeurs,Parc Aydelu,Plage horaire,,ASSOCIATION DE BASEBALL AMATEUR D'AYLMER,,,,,,,,Pratique,,,,,
2025-08-12,18:15,20:15,,Cage frappeurs,Parc Aydelu,Plage horaire,,ASSOCIATION DE BASEBALL AMATEUR D'AYLMER,,,,,,,,Pratique,,,,,
2025-08-14,18:15,20:15,,Cage frappeurs,Parc Aydelu,Plage horaire,,ASSOCIATION DE BASEBALL AMATEUR D'AYLMER,,,,,,,,Pratique,,,,,
2025-08-15,18:15,20:15,,Cage frappeurs,Parc Aydelu,Plage horaire,,ASSOCIATION DE BASEBALL AMATEUR D'AYLMER,,,,,,,,Pratique,,,,,
2025-08-15,20:15,22:15,,Cage frappeurs,Parc Aydelu,Plage horaire,,ASSOCIATION DE BASEBALL AMATEUR D'AYLMER,,,,,,,,Pratique,,,,,
2025-08-17,08:00,10:00,,Cage frappeurs,Parc Aydelu,Plage horaire,,ASSOCIATION DE BASEBALL AMATEUR D'AYLMER,,,,,,,,Pratique,,,,,
2025-08-17,10:00,12:00,,Cage frappeurs,Parc Aydelu,Plage horaire,,ASSOCIATION DE BASEBALL AMATEUR D'AYLMER,,,,,,,,Pratique,,,,,
2025-08-17,12:00,14:00,,Cage frappeurs,Parc Aydelu,Plage horaire,,ASSOCIATION DE BASEBALL AMATEUR D'AYLMER,,,,,,,,Pratique,,,,,
2025-08-17,14:00,16:00,,Cage frappeurs,Parc Aydelu,Plage horaire,,ASSOCIATION DE BASEBALL AMATEUR D'AYLMER,,,,,,,,Pratique,,,,,
2025-08-17,16:00,18:00,,Cage frappeurs,Parc Aydelu,Plage horaire,,ASSOCIATION DE BASEBALL AMATEUR D'AYLMER,,,,,,,,Pratique,,,,,
2025-08-17,18:15,20:15,,Cage frappeurs,Parc Aydelu,Plage horaire,,ASSOCIATION DE BASEBALL AMATEUR D'AYLMER,,,,,,,,Pratique,,,,,
2025-08-17,20:15,22:15,,Cage frappeurs,Parc Aydelu,Plage horaire,,ASSOCIATION DE BASEBALL AMATEUR D'AYLMER,,,,,,,,Pratique,,,,,
2025-08-18,18:15,20:15,,Cage frappeurs,Parc Aydelu,Plage horaire,,ASSOCIATION DE BASEBALL AMATEUR D'AYLMER,,,,,,,,Pratique,,,,,
2025-08-18,20:15,22:15,,Cage frappeurs,Parc Aydelu,Plage horaire,,ASSOCIATION DE BASEBALL AMATEUR D'AYLMER,,,,,,,,Pratique,,,,,
2025-08-19,18:15,20:15,,Cage frappeurs,Parc Aydelu,Plage horaire,,ASSOCIATION DE BASEBALL AMATEUR D'AYLMER,,,,,,,,Pratique,,,,,
2025-08-21,18:15,20:15,,Cage frappeurs,Parc Aydelu,Plage horaire,,ASSOCIATION DE BASEBALL AMATEUR D'AYLMER,,,,,,,,Pratique,,,,,
2025-08-22,18:15,20:15,,Cage frappeurs,Parc Aydelu,Plage horaire,,ASSOCIATION DE BASEBALL AMATEUR D'AYLMER,,,,,,,,Pratique,,,,,
2025-08-22,20:15,22:15,,Cage frappeurs,Parc Aydelu,Plage horaire,,ASSOCIATION DE BASEBALL AMATEUR D'AYLMER,,,,,,,,Pratique,,,,,
2025-08-24,08:00,10:00,,Cage frappeurs,Parc Aydelu,Plage horaire,,ASSOCIATION DE BASEBALL AMATEUR D'AYLMER,,,,,,,,Pratique,,,,,
2025-08-24,10:00,12:00,,Cage frappeurs,Parc Aydelu,Plage horaire,,ASSOCIATION DE BASEBALL AMATEUR D'AYLMER,,,,,,,,Pratique,,,,,
2025-08-24,12:00,14:00,,Cage frappeurs,Parc Aydelu,Plage horaire,,ASSOCIATION DE BASEBALL AMATEUR D'AYLMER,,,,,,,,Pratique,,,,,
2025-08-24,14:00,16:00,,Cage frappeurs,Parc Aydelu,Plage horaire,,ASSOCIATION DE BASEBALL AMATEUR D'AYLMER,,,,,,,,Pratique,,,,,
2025-08-24,16:00,18:00,,Cage frappeurs,Parc Aydelu,Plage horaire,,ASSOCIATION DE BASEBALL AMATEUR D'AYLMER,,,,,,,,Pratique,,,,,
2025-08-24,18:15,20:15,,Cage frappeurs,Parc Aydelu,Plage horaire,,ASSOCIATION DE BASEBALL AMATEUR D'AYLMER,,,,,,,,Pratique,,,,,
2025-08-24,20:15,22:15,,Cage frappeurs,Parc Aydelu,Plage horaire,,ASSOCIATION DE BASEBALL AMATEUR D'AYLMER,,,,,,,,Pratique,,,,,
2025-08-25,18:15,20:15,,Cage frappeurs,Parc Aydelu,Plage horaire,,ASSOCIATION DE BASEBALL AMATEUR D'AYLMER,,,,,,,,Pratique,,,,,
2025-08-25,20:15,22:15,,Cage frappeurs,Parc Aydelu,Plage horaire,,ASSOCIATION DE BASEBALL AMATEUR D'AYLMER,,,,,,,,Pratique,,,,,
2025-08-26,18:15,20:15,,Cage frappeurs,Parc Aydelu,Plage horaire,,ASSOCIATION DE BASEBALL AMATEUR D'AYLMER,,,,,,,,Pratique,,,,,
2025-08-28,18:15,20:15,,Cage frappeurs,Parc Aydelu,Plage horaire,,ASSOCIATION DE BASEBALL AMATEUR D'AYLMER,,,,,,,,Pratique,,,,,
2025-08-29,18:15,20:15,,Cage frappeurs,Parc Aydelu,Plage horaire,,ASSOCIATION DE BASEBALL AMATEUR D'AYLMER,,,,,,,,Pratique,,,,,
2025-08-29,20:15,22:15,,Cage frappeurs,Parc Aydelu,Plage horaire,,ASSOCIATION DE BASEBALL AMATEUR D'AYLMER,,,,,,,,Pratique,,,,,
2025-08-31,08:00,10:00,,Cage frappeurs,Parc Aydelu,Plage horaire,,ASSOCIATION DE BASEBALL AMATEUR D'AYLMER,,,,,,,,Pratique,,,,,
2025-08-31,10:00,12:00,,Cage frappeurs,Parc Aydelu,Plage horaire,,ASSOCIATION DE BASEBALL AMATEUR D'AYLMER,,,,,,,,Pratique,,,,,
2025-08-31,12:00,14:00,,Cage frappeurs,Parc Aydelu,Plage horaire,,ASSOCIATION DE BASEBALL AMATEUR D'AYLMER,,,,,,,,Pratique,,,,,
2025-08-31,14:00,16:00,,Cage frappeurs,Parc Aydelu,Plage horaire,,ASSOCIATION DE BASEBALL AMATEUR D'AYLMER,,,,,,,,Pratique,,,,,
2025-08-31,16:00,18:00,,Cage frappeurs,Parc Aydelu,Plage horaire,,ASSOCIATION DE BASEBALL AMATEUR D'AYLMER,,,,,,,,Pratique,,,,,
2025-08-31,18:15,20:15,,Cage frappeurs,Parc Aydelu,Plage horaire,,ASSOCIATION DE BASEBALL AMATEUR D'AYLMER,,,,,,,,Pratique,,,,,
2025-08-31,20:15,22:15,,Cage frappeurs,Parc Aydelu,Plage horaire,,ASSOCIATION DE BASEBALL AMATEUR D'AYLMER,,,,,,,,Pratique,,,,,
2025-09-01,18:15,20:15,,Cage frappeurs,Parc Aydelu,Plage horaire,,ASSOCIATION DE BASEBALL AMATEUR D'AYLMER,,,,,,,,Pratique,,,,,
2025-09-01,20:15,22:15,,Cage frappeurs,Parc Aydelu,Plage horaire,,ASSOCIATION DE BASEBALL AMATEUR D'AYLMER,,,,,,,,Pratique,,,,,
2025-09-02,18:15,20:15,,Cage frappeurs,Parc Aydelu,Plage horaire,,ASSOCIATION DE BASEBALL AMATEUR D'AYLMER,,,,,,,,Pratique,,,,,
2025-09-04,18:15,20:15,,Cage frappeurs,Parc Aydelu,Plage horaire,,ASSOCIATION DE BASEBALL AMATEUR D'AYLMER,,,,,,,,Pratique,,,,,
2025-09-05,18:15,20:15,,Cage frappeurs,Parc Aydelu,Plage horaire,,ASSOCIATION DE BASEBALL AMATEUR D'AYLMER,,,,,,,,Pratique,,,,,
2025-09-05,20:15,22:15,,Cage frappeurs,Parc Aydelu,Plage horaire,,ASSOCIATION DE BASEBALL AMATEUR D'AYLMER,,,,,,,,Pratique,,,,,
2025-09-07,18:15,20:15,,Cage frappeurs,Parc Aydelu,Plage horaire,,ASSOCIATION DE BASEBALL AMATEUR D'AYLMER,,,,,,,,Pratique,,,,,
2025-09-07,20:15,22:15,,Cage frappeurs,Parc Aydelu,Plage horaire,,ASSOCIATION DE BASEBALL AMATEUR D'AYLMER,,,,,,,,Pratique,,,,,
2025-09-08,18:15,20:15,,Cage frappeurs,Parc Aydelu,Plage horaire,,ASSOCIATION DE BASEBALL AMATEUR D'AYLMER,,,,,,,,Pratique,,,,,
2025-09-08,20:15,22:15,,Cage frappeurs,Parc Aydelu,Plage horaire,,ASSOCIATION DE BASEBALL AMATEUR D'AYLMER,,,,,,,,Pratique,,,,,
2025-09-09,18:15,20:15,,Cage frappeurs,Parc Aydelu,Plage horaire,,ASSOCIATION DE BASEBALL AMATEUR D'AYLMER,,,,,,,,Pratique,,,,,